mrr,mop
0.8953225398540009,0.3494996129700984
0.8689769469660773,0.7068550454334162
0.7706669624371488,0.7080337454644191
0.6678430265386788,0.7191224643273656
